﻿{"cameraMode":{"drawMode":0,"name":"Shaded","section":"Shading Mode"},"sceneLighting":true,"audioPlay":false,"sceneViewState":{"showFog":true,"showMaterialUpdate":false,"showSkybox":true,"showFlares":true,"showImageEffects":true,"showParticleSystems":true},"in2DMode":false,"pivot":{"x":200.9468231201172,"y":-17615.30078125,"z":-26346.076171875},"rotation":{"x":-0.0012456733966246248,"y":-0.9550619125366211,"z":0.2963768243789673,"w":-0.0040155756287276749},"size":33204.2109375,"orthographic":false}